<?xml version="1.0" encoding="utf-8"?>
<resources>
    <color name="colorPrimary">#00AAE4</color>
    <color name="colorPrimaryDark">#007ba7</color>
    <color name="colorAccent">#FF4081</color>
    <color name="black">#000000</color>
    <color name="colorInactive">#747474</color>
    <color name="nav_drawer_line_seperator">#D2D3D5</color>
    <color name="colorActiveSmall">#FFFFFF</color>
    <color name="colorInactiveSmall">#50FFFFFF</color>
    <color name="color_tab_1">#455C65</color>
    <color name="color_tab_2">#00886A</color>
    <color name="color_tab_3">#8B6B62</color>
    <color name="color_tab_4">#6C4A42</color>
    <color name="color_tab_5">#00AAE4</color>
    <color name="back_navi">#EEEFF3</color>
    <color name="white">#ffffff</color>
    <color name="textColor">#6D6B6C</color>
    <color name="gray_text">#5E616D</color>
    <color name="seprator">#C4C4C4</color>
    <color name="connect_instagram_text_color">#4FB3F1</color>
    <color name="name_your_price_text">#AAAAAA</color>

    <!--color drawer tribe-->


    <color name="toolbar_color">#3EB1ED</color>
    <color name="top_bar">#266D91</color>
    <color name="popup_bg">#313233</color>
    <color name="whitelight">#e4e4e4</color>
    <color name="top_splash">#8597C5</color>
    <color name="paypal">#DFE5EE</color>


</resources>
