<resources>
    <string name="app_name">SparkOff</string>

    <!-- TODO: Remove or change this placeholder text -->
    <string name="drawer_open">Open</string>
    <string name="drawer_close">Close</string>
    <string name="title_activity_splash">SplashActivity</string>
    <string name="hello_world">Hello world!</string>
    <string name="action_settings">Settings</string>
    <string name="title_activity_login">LoginActivity</string>
    <string name="connect">CONNECT VIA</string>
    
    
    
    <!--Drawer Items-->
    
    <string name="my_campain">My Campaigns</string>
    <string name="you">You</string>
    <string name="how_its_work">How its work</string>
    <string name="faq">FAQs</string>
    <string name="contact_us">Contact Us</string>
    <string name="sign_out">Signout</string>
    <string name="cancel">Cancel</string>
    <string name="ok">Ok</string>
    <string name="add_photo">Add Photo !</string>

    <string name="exitMessage">Are you sure want to quit?</string>

    <string name="logoutMessage">Are you sure want to logout?</string>
    <string name="campaign">CAMPAIGN</string>
    <string name="submitted">SUBMITTED</string>
    <string name="approved">APPROVED</string>
    <string name="title_activity_campaign_detail">CampaignDetailActivity</string>

    <string name="brief">BRIEF</string>


    <string name="medi_text">Use this guided meditation to deal with that feeling and let your mind adjust to going with the flow and accepting the fear of the uncertain. It only takes five minutes, and it will help you start your week on a positive note! Press play, close your eyes, and relax.</string>


    <string name="connect_instagram">CONNECT</string>
    <string name="take_photo">Take Photo</string>
    <string name="gallery">Choose from Gallery</string>
    <string-array name="pic_dialog_items">
        <item>@string/take_photo</item>
        <item>@string/gallery</item>
        <item>@string/cancel</item>

    </string-array>
    <string name="select_file">Select File</string>

<!--
713068682183250
-->
    <string name="facebook_app_id">285555235180125</string>
    <string name="fb_login_protocol_scheme">285555235180125</string>
    <string name="login_with_facebook">Login With Facebook</string>
    <string name="twitter_consumer_key">YNHJM30RlEmFiIHsScFIOxLox</string>
    <string name="twitter_consumer_secret">IrhlxjRMMEoaPfW62hJ2iqNBO9tpXi5OALIiVuZUeWIFRa9yyW</string>

    <string name="please_wait">Please Wait...</string>
    <!--


    -->


    <string name="pending_brands">Pending Brands</string>
    <string name="decline_brands">Declined Brands</string>

    <string name="approved_brands">Approved Brands</string>

    <string name="user_name_req">Please Enter First name.</string>
    <string name="valid_email">Please Enter correct email.</string>
    <string name="contact">Please Enter contact number.</string>
    <string name="contactDigit">Please Enter ten digit number.</string>

    <string name="user_gender_req">Please Enter gender.</string>
    <string name="user_last_req">Please Enter Last name.</string>
    <string name="user_mobile_req">Please Enter Mobile No.</string>
    <string name="dob">Please Enter your date of birth</string>
    <string name="shipping_address">Please Enter shipping address.</string>
    <string name="title_activity_rate_card">RateCardActivity</string>

    <string name="BrandFollowers">Brand Followers</string>


    <string name="poststatus">You already shared this post</string>
    <string name="loginFirst">Please Login First</string>
    <string name="CONNECT">CONNECT</string>
    <string name="enterPrice">Please enter price</string>
    <string name="priceCantZero">Price cannot be zero</string>
    <string name="permissionCam">If you reject permission,you can not use this service</string>
    <string name="priceAdded">Price added successfully</string>
    <string name="campignAlreadyPost">Campaign Already posted</string>
    <string name="selectPrice">Please select price</string>
    <string name="enterDiscription">Please enter description</string>
    <string name="selectimage">Please select image</string>
    <string name="requestPosted">Already request Posted</string>
    <string name="allPosted">You already posted from every social network</string>
    <string name="searchCampaignStatus">No Campaign Found</string>
    <string name="networkStatus">Please check your internet connection and try again</string>

    <!--PaymentDetail-->

    <string name="bankName">Enter bank name</string>
    <string name="accountHolderName">Enter account holder name</string>
    <string name="accontNumber">Enter account number</string>
    <string name="reEnterAccNo">Enter re enter account number</string>
    <string name="ifscCode">Enter valid IFSC code</string>


    <!--Rate Card-->
    <string name="rateCard">Rate Card</string>

    <!--IntrestList-->
    <string name="save">Save</string>
    <string name="selectIntrest">Select your interests</string>
    <string name="selectIntrestArea">Select Intrest Area</string>

</resources>
