<resources>

    <!-- Base application theme. -->
    <style name="AppTheme" parent="Theme.AppCompat.Light.NoActionBar">
        <!-- Customize your theme here. -->

        <item name="windowActionBar">false</item>
        <item name="android:windowNoTitle">true</item>
        <item name="colorAccent">@color/black</item>
        <item name="drawerArrowStyle">@style/DrawerArrowStyle</item>
        <item name="android:popupWindowStyle">@style/PopupWindow</item>
        <item name="android:typeface">monospace</item>
        <item name="elevation">0dp</item>
        <item name="android:windowContentOverlay">@null</item>


    </style>

    <style name="AppTheme.WhiteAccent">
        <item name="colorAccent">@color/toolbar_color</item> <!-- Whatever color you want-->
    </style>
        <!-- Base application theme. -->


    <!-- Base application theme. -->
    <style name="AppThemeNew" parent="Theme.AppCompat.Light.NoActionBar">
        <!-- Customize your theme here. -->

        <item name="colorPrimary">@color/colorPrimary</item>
        <item name="colorPrimaryDark">@color/colorPrimaryDark</item>
        <item name="windowActionBar">false</item>
        <item name="android:windowNoTitle">true</item>
        <item name="colorAccent">@color/colorAccent</item>
        <item name="drawerArrowStyle">@style/DrawerArrowStyle</item>
        <item name="android:typeface">monospace</item>
        <item name="android:windowTranslucentStatus">true</item>
        <item name="android:windowTranslucentNavigation">true</item>


    </style>

    <style name="PopupWindow" parent="@android:style/Widget.PopupWindow">
        <item name="android:popupBackground">@color/black</item>
    </style>



    <style name="DrawerArrowStyle" parent="@style/Widget.AppCompat.DrawerArrowToggle">
        <item name="spinBars">false</item>
        <item name="color">@android:color/white</item>
    </style>
    <style name="AppThemeSocial" parent="Theme.AppCompat.Light.NoActionBar">
        <!-- Customize your theme here. -->
        <item name="colorPrimary">@color/colorPrimary</item>
        <item name="colorPrimaryDark">@color/colorPrimaryDark</item>
        <item name="colorAccent">@color/colorAccent</item>
    </style>


</resources>
